[{"fields": {"model": "logentry", "name": "log entry", "app_label": "admin"}, "model": "contenttypes.contenttype", "pk": 1}, {"fields": {"model": "permission", "name": "permission", "app_label": "auth"}, "model": "contenttypes.contenttype", "pk": 2}, {"fields": {"model": "group", "name": "group", "app_label": "auth"}, "model": "contenttypes.contenttype", "pk": 3}, {"fields": {"model": "user", "name": "user", "app_label": "auth"}, "model": "contenttypes.contenttype", "pk": 4}, {"fields": {"model": "contenttype", "name": "content type", "app_label": "contenttypes"}, "model": "contenttypes.contenttype", "pk": 5}, {"fields": {"model": "session", "name": "session", "app_label": "sessions"}, "model": "contenttypes.contenttype", "pk": 6}, {"fields": {"model": "school", "name": "school", "app_label": "mande"}, "model": "contenttypes.contenttype", "pk": 7}, {"fields": {"model": "classroom", "name": "classroom", "app_label": "mande"}, "model": "contenttypes.contenttype", "pk": 8}, {"fields": {"model": "teacher", "name": "teacher", "app_label": "mande"}, "model": "contenttypes.contenttype", "pk": 9}, {"fields": {"model": "intakesurvey", "name": "intake survey", "app_label": "mande"}, "model": "contenttypes.contenttype", "pk": 10}, {"fields": {"model": "intakeinternal", "name": "intake internal", "app_label": "mande"}, "model": "contenttypes.contenttype", "pk": 11}, {"fields": {"model": "intakeupdate", "name": "intake update", "app_label": "mande"}, "model": "contenttypes.contenttype", "pk": 12}, {"fields": {"model": "studentevaluation", "name": "student evaluation", "app_label": "mande"}, "model": "contenttypes.contenttype", "pk": 13}, {"fields": {"model": "spiritualactivitiessurvey", "name": "spiritual activities survey", "app_label": "mande"}, "model": "contenttypes.contenttype", "pk": 14}, {"fields": {"model": "exitsurvey", "name": "exit survey", "app_label": "mande"}, "model": "contenttypes.contenttype", "pk": 15}, {"fields": {"model": "postexitsurvey", "name": "post exit survey", "app_label": "mande"}, "model": "contenttypes.contenttype", "pk": 16}, {"fields": {"model": "attendancedayoffering", "name": "attendance day offering", "app_label": "mande"}, "model": "contenttypes.contenttype", "pk": 17}, {"fields": {"model": "attendance", "name": "attendance", "app_label": "mande"}, "model": "contenttypes.contenttype", "pk": 18}, {"fields": {"model": "discipline", "name": "discipline", "app_label": "mande"}, "model": "contenttypes.contenttype", "pk": 19}, {"fields": {"model": "academic", "name": "academic", "app_label": "mande"}, "model": "contenttypes.contenttype", "pk": 20}, {"fields": {"model": "health", "name": "health", "app_label": "mande"}, "model": "contenttypes.contenttype", "pk": 21}, {"fields": {"model": "classroomenrollment", "name": "classroom enrollment", "app_label": "mande"}, "model": "contenttypes.contenttype", "pk": 22}, {"fields": {"model": "classroomteacher", "name": "classroom teacher", "app_label": "mande"}, "model": "contenttypes.contenttype", "pk": 23}, {"fields": {"model": "notificationlog", "name": "notification log", "app_label": "mande"}, "model": "contenttypes.contenttype", "pk": 24}, {"fields": {"model": "attendancelog", "name": "attendance log", "app_label": "mande"}, "model": "contenttypes.contenttype", "pk": 25}, {"fields": {"expire_date": "2015-07-22T07:31:22Z", "session_data": "OTg4MjhmMmFmNWY4YmMzNGY1OTA3NGE4NGQwMDk0NThmMzcxYmQ4NDp7Il9hdXRoX3VzZXJfaGFzaCI6IjFiYmUyMDFjMjdiNTM1ZDdlNTI4ZWE0YTM2N2M3ODNhMWYyMjBkMjQiLCJfYXV0aF91c2VyX2JhY2tlbmQiOiJkamFuZ28uY29udHJpYi5hdXRoLmJhY2tlbmRzLk1vZGVsQmFja2VuZCIsIl9hdXRoX3VzZXJfaWQiOjF9"}, "model": "sessions.session", "pk": "byamlroz4wdnujepdf8euuf1eca98k7t"}, {"fields": {"school_location": "Location 1", "school_name": "VDP-T"}, "model": "mande.school", "pk": 1}, {"fields": {"school_location": "Location 2", "school_name": "VDP-T2"}, "model": "mande.school", "pk": 2}, {"fields": {"active": true, "cohort": 1, "classroom_location": "", "school_id": 1, "classroom_number": "Grade 1"}, "model": "mande.classroom", "pk": 1}, {"fields": {"active": true, "cohort": 2, "classroom_location": "", "school_id": 2, "classroom_number": "Grade 2"}, "model": "mande.classroom", "pk": 2}, {"fields": {"name": "Test Teacher 1"}, "model": "mande.teacher", "pk": 1}, {"fields": {"name": "Test Teacher 2"}, "model": "mande.teacher", "pk": 2}, {"fields": {"minors_training": "NA", "grade_current": -1, "minors": 0, "reasons": "123", "minors_in_public_school": 0, "site": 1, "grade_appropriate": 1, "guardian2_relationship": "MOTHER", "minors_in_other_school": 0, "guardian1_phone": "123", "guardian2_phone": "", "guardian1_relationship": "FATHER", "guardian1_profession": "123", "minors_working": 0, "enrolled": "N", "guardian2_profession": "NA", "address": "123", "date": "2015-07-01", "guardian2_name": "", "minors_encouraged": "NA", "grade_last": -1, "name": "Test 1", "guardian2_employment": "1", "dob": "2005-07-01", "gender": "M", "minors_profession": "", "guardian1_name": "123", "minors_training_type": "", "guardian1_employment": "1", "notes": ""}, "model": "mande.intakesurvey", "pk": 1}, {"fields": {"minors_training": "NA", "grade_current": -1, "minors": 0, "reasons": "123", "minors_in_public_school": 0, "site": 1, "grade_appropriate": 1, "guardian2_relationship": "MOTHER", "minors_in_other_school": 0, "guardian1_phone": "123", "guardian2_phone": "", "guardian1_relationship": "FATHER", "guardian1_profession": "123", "minors_working": 0, "enrolled": "N", "guardian2_profession": "NA", "address": "123", "date": "2015-07-01", "guardian2_name": "", "minors_encouraged": "NA", "grade_last": -1, "name": "Test 1", "guardian2_employment": "1", "dob": "2005-07-01", "gender": "M", "minors_profession": "", "guardian1_name": "123", "minors_training_type": "", "guardian1_employment": "1", "notes": ""}, "model": "mande.intakesurvey", "pk": 2}, {"fields": {"date": "2015-07-01", "offered": "Y", "classroom_id": 1}, "model": "mande.attendancedayoffering", "pk": 1}, {"fields": {"date": "2015-07-02", "offered": "Y", "classroom_id": 1}, "model": "mande.attendancedayoffering", "pk": 2}, {"fields": {"date": "2015-07-03", "offered": "Y", "classroom_id": 1}, "model": "mande.attendancedayoffering", "pk": 3}, {"fields": {"date": "2015-07-06", "offered": "Y", "classroom_id": 1}, "model": "mande.attendancedayoffering", "pk": 4}, {"fields": {"date": "2015-07-07", "offered": "Y", "classroom_id": 1}, "model": "mande.attendancedayoffering", "pk": 5}, {"fields": {"date": "2015-07-08", "offered": "Y", "classroom_id": 1}, "model": "mande.attendancedayoffering", "pk": 6}, {"fields": {"date": "2015-07-09", "offered": "Y", "classroom_id": 1}, "model": "mande.attendancedayoffering", "pk": 7}, {"fields": {"date": "2015-07-10", "offered": "Y", "classroom_id": 1}, "model": "mande.attendancedayoffering", "pk": 8}, {"fields": {"date": "2015-07-13", "offered": "Y", "classroom_id": 1}, "model": "mande.attendancedayoffering", "pk": 9}, {"fields": {"date": "2015-07-14", "offered": "Y", "classroom_id": 1}, "model": "mande.attendancedayoffering", "pk": 10}, {"fields": {"date": "2015-07-15", "offered": "Y", "classroom_id": 1}, "model": "mande.attendancedayoffering", "pk": 11}, {"fields": {"date": "2015-07-16", "offered": "Y", "classroom_id": 1}, "model": "mande.attendancedayoffering", "pk": 12}, {"fields": {"date": "2015-07-17", "offered": "Y", "classroom_id": 1}, "model": "mande.attendancedayoffering", "pk": 13}, {"fields": {"date": "2015-07-20", "offered": "Y", "classroom_id": 1}, "model": "mande.attendancedayoffering", "pk": 14}, {"fields": {"date": "2015-07-21", "offered": "Y", "classroom_id": 1}, "model": "mande.attendancedayoffering", "pk": 15}, {"fields": {"date": "2015-07-22", "offered": "Y", "classroom_id": 1}, "model": "mande.attendancedayoffering", "pk": 16}, {"fields": {"date": "2015-07-23", "offered": "Y", "classroom_id": 1}, "model": "mande.attendancedayoffering", "pk": 17}, {"fields": {"date": "2015-07-24", "offered": "Y", "classroom_id": 1}, "model": "mande.attendancedayoffering", "pk": 18}, {"fields": {"date": "2015-07-27", "offered": "Y", "classroom_id": 1}, "model": "mande.attendancedayoffering", "pk": 19}, {"fields": {"date": "2015-07-28", "offered": "Y", "classroom_id": 1}, "model": "mande.attendancedayoffering", "pk": 20}, {"fields": {"date": "2015-07-29", "offered": "Y", "classroom_id": 1}, "model": "mande.attendancedayoffering", "pk": 21}, {"fields": {"date": "2015-07-30", "offered": "Y", "classroom_id": 1}, "model": "mande.attendancedayoffering", "pk": 22}, {"fields": {"date": "2015-07-31", "offered": "Y", "classroom_id": 1}, "model": "mande.attendancedayoffering", "pk": 23}, {"fields": {"date": "2015-07-01", "offered": "Y", "classroom_id": 2}, "model": "mande.attendancedayoffering", "pk": 24}, {"fields": {"date": "2015-07-02", "offered": "Y", "classroom_id": 2}, "model": "mande.attendancedayoffering", "pk": 25}, {"fields": {"date": "2015-07-03", "offered": "Y", "classroom_id": 2}, "model": "mande.attendancedayoffering", "pk": 26}, {"fields": {"date": "2015-07-06", "offered": "Y", "classroom_id": 2}, "model": "mande.attendancedayoffering", "pk": 27}, {"fields": {"date": "2015-07-07", "offered": "Y", "classroom_id": 2}, "model": "mande.attendancedayoffering", "pk": 28}, {"fields": {"date": "2015-07-08", "offered": "Y", "classroom_id": 2}, "model": "mande.attendancedayoffering", "pk": 29}, {"fields": {"date": "2015-07-09", "offered": "Y", "classroom_id": 2}, "model": "mande.attendancedayoffering", "pk": 30}, {"fields": {"date": "2015-07-10", "offered": "Y", "classroom_id": 2}, "model": "mande.attendancedayoffering", "pk": 31}, {"fields": {"date": "2015-07-13", "offered": "Y", "classroom_id": 2}, "model": "mande.attendancedayoffering", "pk": 32}, {"fields": {"date": "2015-07-14", "offered": "Y", "classroom_id": 2}, "model": "mande.attendancedayoffering", "pk": 33}, {"fields": {"date": "2015-07-15", "offered": "Y", "classroom_id": 2}, "model": "mande.attendancedayoffering", "pk": 34}, {"fields": {"date": "2015-07-16", "offered": "Y", "classroom_id": 2}, "model": "mande.attendancedayoffering", "pk": 35}, {"fields": {"date": "2015-07-17", "offered": "Y", "classroom_id": 2}, "model": "mande.attendancedayoffering", "pk": 36}, {"fields": {"date": "2015-07-20", "offered": "Y", "classroom_id": 2}, "model": "mande.attendancedayoffering", "pk": 37}, {"fields": {"date": "2015-07-21", "offered": "Y", "classroom_id": 2}, "model": "mande.attendancedayoffering", "pk": 38}, {"fields": {"date": "2015-07-22", "offered": "Y", "classroom_id": 2}, "model": "mande.attendancedayoffering", "pk": 39}, {"fields": {"date": "2015-07-23", "offered": "Y", "classroom_id": 2}, "model": "mande.attendancedayoffering", "pk": 40}, {"fields": {"date": "2015-07-24", "offered": "Y", "classroom_id": 2}, "model": "mande.attendancedayoffering", "pk": 41}, {"fields": {"date": "2015-07-27", "offered": "Y", "classroom_id": 2}, "model": "mande.attendancedayoffering", "pk": 42}, {"fields": {"date": "2015-07-28", "offered": "Y", "classroom_id": 2}, "model": "mande.attendancedayoffering", "pk": 43}, {"fields": {"date": "2015-07-29", "offered": "Y", "classroom_id": 2}, "model": "mande.attendancedayoffering", "pk": 44}, {"fields": {"date": "2015-07-31", "offered": "Y", "classroom_id": 2}, "model": "mande.attendancedayoffering", "pk": 46}, {"fields": {"date": "2015-07-30", "offered": "Y", "classroom_id": 2}, "model": "mande.attendancedayoffering", "pk": 47}, {"fields": {"teacher_id": 1, "classroom_id": 1}, "model": "mande.classroomteacher", "pk": 1}, {"fields": {"teacher_id": 2, "classroom_id": 2}, "model": "mande.classroomteacher", "pk": 2}, {"fields": {"codename": "add_logentry", "name": "Can add log entry", "content_type": 1}, "model": "auth.permission", "pk": 1}, {"fields": {"codename": "change_logentry", "name": "Can change log entry", "content_type": 1}, "model": "auth.permission", "pk": 2}, {"fields": {"codename": "delete_logentry", "name": "Can delete log entry", "content_type": 1}, "model": "auth.permission", "pk": 3}, {"fields": {"codename": "add_permission", "name": "Can add permission", "content_type": 2}, "model": "auth.permission", "pk": 4}, {"fields": {"codename": "change_permission", "name": "Can change permission", "content_type": 2}, "model": "auth.permission", "pk": 5}, {"fields": {"codename": "delete_permission", "name": "Can delete permission", "content_type": 2}, "model": "auth.permission", "pk": 6}, {"fields": {"codename": "add_group", "name": "Can add group", "content_type": 3}, "model": "auth.permission", "pk": 7}, {"fields": {"codename": "change_group", "name": "Can change group", "content_type": 3}, "model": "auth.permission", "pk": 8}, {"fields": {"codename": "delete_group", "name": "Can delete group", "content_type": 3}, "model": "auth.permission", "pk": 9}, {"fields": {"codename": "add_user", "name": "Can add user", "content_type": 4}, "model": "auth.permission", "pk": 10}, {"fields": {"codename": "change_user", "name": "Can change user", "content_type": 4}, "model": "auth.permission", "pk": 11}, {"fields": {"codename": "delete_user", "name": "Can delete user", "content_type": 4}, "model": "auth.permission", "pk": 12}, {"fields": {"codename": "add_contenttype", "name": "Can add content type", "content_type": 5}, "model": "auth.permission", "pk": 13}, {"fields": {"codename": "change_contenttype", "name": "Can change content type", "content_type": 5}, "model": "auth.permission", "pk": 14}, {"fields": {"codename": "delete_contenttype", "name": "Can delete content type", "content_type": 5}, "model": "auth.permission", "pk": 15}, {"fields": {"codename": "add_session", "name": "Can add session", "content_type": 6}, "model": "auth.permission", "pk": 16}, {"fields": {"codename": "change_session", "name": "Can change session", "content_type": 6}, "model": "auth.permission", "pk": 17}, {"fields": {"codename": "delete_session", "name": "Can delete session", "content_type": 6}, "model": "auth.permission", "pk": 18}, {"fields": {"codename": "add_school", "name": "Can add school", "content_type": 7}, "model": "auth.permission", "pk": 19}, {"fields": {"codename": "change_school", "name": "Can change school", "content_type": 7}, "model": "auth.permission", "pk": 20}, {"fields": {"codename": "delete_school", "name": "Can delete school", "content_type": 7}, "model": "auth.permission", "pk": 21}, {"fields": {"codename": "add_classroom", "name": "Can add classroom", "content_type": 8}, "model": "auth.permission", "pk": 22}, {"fields": {"codename": "change_classroom", "name": "Can change classroom", "content_type": 8}, "model": "auth.permission", "pk": 23}, {"fields": {"codename": "delete_classroom", "name": "Can delete classroom", "content_type": 8}, "model": "auth.permission", "pk": 24}, {"fields": {"codename": "add_teacher", "name": "Can add teacher", "content_type": 9}, "model": "auth.permission", "pk": 25}, {"fields": {"codename": "change_teacher", "name": "Can change teacher", "content_type": 9}, "model": "auth.permission", "pk": 26}, {"fields": {"codename": "delete_teacher", "name": "Can delete teacher", "content_type": 9}, "model": "auth.permission", "pk": 27}, {"fields": {"codename": "add_intakesurvey", "name": "Can add intake survey", "content_type": 10}, "model": "auth.permission", "pk": 28}, {"fields": {"codename": "change_intakesurvey", "name": "Can change intake survey", "content_type": 10}, "model": "auth.permission", "pk": 29}, {"fields": {"codename": "delete_intakesurvey", "name": "Can delete intake survey", "content_type": 10}, "model": "auth.permission", "pk": 30}, {"fields": {"codename": "add_intakeinternal", "name": "Can add intake internal", "content_type": 11}, "model": "auth.permission", "pk": 31}, {"fields": {"codename": "change_intakeinternal", "name": "Can change intake internal", "content_type": 11}, "model": "auth.permission", "pk": 32}, {"fields": {"codename": "delete_intakeinternal", "name": "Can delete intake internal", "content_type": 11}, "model": "auth.permission", "pk": 33}, {"fields": {"codename": "add_intakeupdate", "name": "Can add intake update", "content_type": 12}, "model": "auth.permission", "pk": 34}, {"fields": {"codename": "change_intakeupdate", "name": "Can change intake update", "content_type": 12}, "model": "auth.permission", "pk": 35}, {"fields": {"codename": "delete_intakeupdate", "name": "Can delete intake update", "content_type": 12}, "model": "auth.permission", "pk": 36}, {"fields": {"codename": "add_studentevaluation", "name": "Can add student evaluation", "content_type": 13}, "model": "auth.permission", "pk": 37}, {"fields": {"codename": "change_studentevaluation", "name": "Can change student evaluation", "content_type": 13}, "model": "auth.permission", "pk": 38}, {"fields": {"codename": "delete_studentevaluation", "name": "Can delete student evaluation", "content_type": 13}, "model": "auth.permission", "pk": 39}, {"fields": {"codename": "add_spiritualactivitiessurvey", "name": "Can add spiritual activities survey", "content_type": 14}, "model": "auth.permission", "pk": 40}, {"fields": {"codename": "change_spiritualactivitiessurvey", "name": "Can change spiritual activities survey", "content_type": 14}, "model": "auth.permission", "pk": 41}, {"fields": {"codename": "delete_spiritualactivitiessurvey", "name": "Can delete spiritual activities survey", "content_type": 14}, "model": "auth.permission", "pk": 42}, {"fields": {"codename": "add_exitsurvey", "name": "Can add exit survey", "content_type": 15}, "model": "auth.permission", "pk": 43}, {"fields": {"codename": "change_exitsurvey", "name": "Can change exit survey", "content_type": 15}, "model": "auth.permission", "pk": 44}, {"fields": {"codename": "delete_exitsurvey", "name": "Can delete exit survey", "content_type": 15}, "model": "auth.permission", "pk": 45}, {"fields": {"codename": "add_postexitsurvey", "name": "Can add post exit survey", "content_type": 16}, "model": "auth.permission", "pk": 46}, {"fields": {"codename": "change_postexitsurvey", "name": "Can change post exit survey", "content_type": 16}, "model": "auth.permission", "pk": 47}, {"fields": {"codename": "delete_postexitsurvey", "name": "Can delete post exit survey", "content_type": 16}, "model": "auth.permission", "pk": 48}, {"fields": {"codename": "add_attendancedayoffering", "name": "Can add attendance day offering", "content_type": 17}, "model": "auth.permission", "pk": 49}, {"fields": {"codename": "change_attendancedayoffering", "name": "Can change attendance day offering", "content_type": 17}, "model": "auth.permission", "pk": 50}, {"fields": {"codename": "delete_attendancedayoffering", "name": "Can delete attendance day offering", "content_type": 17}, "model": "auth.permission", "pk": 51}, {"fields": {"codename": "add_attendance", "name": "Can add attendance", "content_type": 18}, "model": "auth.permission", "pk": 52}, {"fields": {"codename": "change_attendance", "name": "Can change attendance", "content_type": 18}, "model": "auth.permission", "pk": 53}, {"fields": {"codename": "delete_attendance", "name": "Can delete attendance", "content_type": 18}, "model": "auth.permission", "pk": 54}, {"fields": {"codename": "add_discipline", "name": "Can add discipline", "content_type": 19}, "model": "auth.permission", "pk": 55}, {"fields": {"codename": "change_discipline", "name": "Can change discipline", "content_type": 19}, "model": "auth.permission", "pk": 56}, {"fields": {"codename": "delete_discipline", "name": "Can delete discipline", "content_type": 19}, "model": "auth.permission", "pk": 57}, {"fields": {"codename": "add_academic", "name": "Can add academic", "content_type": 20}, "model": "auth.permission", "pk": 58}, {"fields": {"codename": "change_academic", "name": "Can change academic", "content_type": 20}, "model": "auth.permission", "pk": 59}, {"fields": {"codename": "delete_academic", "name": "Can delete academic", "content_type": 20}, "model": "auth.permission", "pk": 60}, {"fields": {"codename": "add_health", "name": "Can add health", "content_type": 21}, "model": "auth.permission", "pk": 61}, {"fields": {"codename": "change_health", "name": "Can change health", "content_type": 21}, "model": "auth.permission", "pk": 62}, {"fields": {"codename": "delete_health", "name": "Can delete health", "content_type": 21}, "model": "auth.permission", "pk": 63}, {"fields": {"codename": "add_classroomenrollment", "name": "Can add classroom enrollment", "content_type": 22}, "model": "auth.permission", "pk": 64}, {"fields": {"codename": "change_classroomenrollment", "name": "Can change classroom enrollment", "content_type": 22}, "model": "auth.permission", "pk": 65}, {"fields": {"codename": "delete_classroomenrollment", "name": "Can delete classroom enrollment", "content_type": 22}, "model": "auth.permission", "pk": 66}, {"fields": {"codename": "add_classroomteacher", "name": "Can add classroom teacher", "content_type": 23}, "model": "auth.permission", "pk": 67}, {"fields": {"codename": "change_classroomteacher", "name": "Can change classroom teacher", "content_type": 23}, "model": "auth.permission", "pk": 68}, {"fields": {"codename": "delete_classroomteacher", "name": "Can delete classroom teacher", "content_type": 23}, "model": "auth.permission", "pk": 69}, {"fields": {"codename": "add_notificationlog", "name": "Can add notification log", "content_type": 24}, "model": "auth.permission", "pk": 70}, {"fields": {"codename": "change_notificationlog", "name": "Can change notification log", "content_type": 24}, "model": "auth.permission", "pk": 71}, {"fields": {"codename": "delete_notificationlog", "name": "Can delete notification log", "content_type": 24}, "model": "auth.permission", "pk": 72}, {"fields": {"codename": "add_attendancelog", "name": "Can add attendance log", "content_type": 25}, "model": "auth.permission", "pk": 73}, {"fields": {"codename": "change_attendancelog", "name": "Can change attendance log", "content_type": 25}, "model": "auth.permission", "pk": 74}, {"fields": {"codename": "delete_attendancelog", "name": "Can delete attendance log", "content_type": 25}, "model": "auth.permission", "pk": 75}, {"fields": {"username": "admin", "first_name": "", "last_name": "", "is_active": true, "is_superuser": true, "is_staff": true, "last_login": "2015-07-08T07:31:22Z", "groups": [], "user_permissions": [], "password": "pbkdf2_sha256$12000$wA9Nnui3H78c$hO8ie0K92sWzbbWYQx5ecB1AawR3PU5jBQ0FHRPEKLY=", "email": "admin@admin.com", "date_joined": "2015-07-08T07:29:34Z"}, "model": "auth.user", "pk": 1}, {"fields": {"date": "2015-07-08T07:35:14Z", "user_generated": true, "user": 1, "font_awesome_icon": "fa-university", "text": "Added classroom VDP-T - Grade 1 - Grade 1"}, "model": "mande.notificationlog", "pk": 1}, {"fields": {"date": "2015-07-08T07:35:21Z", "user_generated": true, "user": 1, "font_awesome_icon": "fa-university", "text": "Edited classroom VDP-T2 - Grade 1 - Grade 1"}, "model": "mande.notificationlog", "pk": 2}, {"fields": {"date": "2015-07-08T07:35:28Z", "user_generated": true, "user": 1, "font_awesome_icon": "fa-university", "text": "Edited classroom VDP-T - Grade 1 - Grade 1"}, "model": "mande.notificationlog", "pk": 3}, {"fields": {"date": "2015-07-08T07:35:37Z", "user_generated": true, "user": 1, "font_awesome_icon": "fa-university", "text": "Added classroom VDP-T2 - Grade 1 - Grade 2"}, "model": "mande.notificationlog", "pk": 4}, {"fields": {"date": "2015-07-08T07:35:50Z", "user_generated": true, "user": 1, "font_awesome_icon": "fa-street-view", "text": "Added a new teacher:Test Teacher 1"}, "model": "mande.notificationlog", "pk": 5}, {"fields": {"date": "2015-07-08T07:35:53Z", "user_generated": true, "user": 1, "font_awesome_icon": "fa-street-view", "text": "Added a new teacher:Test Teacher 2"}, "model": "mande.notificationlog", "pk": 6}, {"fields": {"date": "2015-07-08T07:36:15Z", "user_generated": true, "user": 1, "font_awesome_icon": "fa-pencil", "text": "Made 1 - Test Teacher 1 teacher of VDP-T - Grade 1 - Grade 1"}, "model": "mande.notificationlog", "pk": 7}, {"fields": {"date": "2015-07-08T07:36:19Z", "user_generated": true, "user": 1, "font_awesome_icon": "fa-pencil", "text": "Made 2 - Test Teacher 2 teacher of VDP-T2 - Grade 1 - Grade 2"}, "model": "mande.notificationlog", "pk": 8}, {"fields": {"date": "2015-07-08T07:36:34Z", "user_generated": true, "user": 1, "font_awesome_icon": "fa-university", "text": "Edited classroom VDP-T2 - Grade 2 - Grade 2"}, "model": "mande.notificationlog", "pk": 9}, {"fields": {"date": "2015-07-08T07:38:33Z", "user_generated": true, "user": 1, "font_awesome_icon": "fa-male", "text": "Performed intake survey for Test 1"}, "model": "mande.notificationlog", "pk": 10}, {"fields": {"date": "2015-07-08T07:38:50Z", "user_generated": true, "user": 1, "font_awesome_icon": "fa-male", "text": "Performed intake survey for Test 1"}, "model": "mande.notificationlog", "pk": 11}]